{"cameraMode":{"drawMode":0,"name":"Shaded","section":"Shading Mode"},"sceneLighting":true,"audioPlay":false,"sceneViewState":{"showFog":true,"showMaterialUpdate":false,"showSkybox":true,"showFlares":true,"showImageEffects":true,"showParticleSystems":true},"in2DMode":false,"pivot":{"x":-5.71999979019165,"y":1.6076772212982178,"z":-2.4600000381469728},"rotation":{"x":-0.1673724502325058,"y":0.04167575389146805,"z":-0.007078035268932581,"w":-0.985016942024231},"size":0.8660253882408142,"orthographic":false}