{"cameraMode":{"drawMode":0,"name":"Shaded","section":"Shading Mode"},"sceneLighting":false,"audioPlay":false,"sceneViewState":{"showFog":true,"showMaterialUpdate":false,"showSkybox":false,"showFlares":true,"showImageEffects":true,"showParticleSystems":true},"in2DMode":false,"pivot":{"x":-1.7681326866149903,"y":1.866875171661377,"z":0.012009382247924805},"rotation":{"x":-0.2071162909269333,"y":0.04135322570800781,"z":-0.0087558813393116,"w":-0.9774275422096252},"size":0.7990939021110535,"orthographic":false}